COUNTER,F3,FC5,AF3,F7,T7,P7,O1,O2,P8,T8,F8,AF4,FC6,F4,Timestamp,word
0, 8192, 8192, 8192, 8192, 8192, 8192, 8192, 8192, 8192, 8192, 8192, 8192, 8192, 8192,2.884859085083008,XXXXX
1, 8200, 8194, 8199, 8198, 8193, 8198, 8200, 8198, 8198, 8198, 8200, 8201, 8201, 8200,2.8926842212677,XXXXX
2, 8321, 8269, 8313, 8310, 8252, 8312, 8322, 8316, 8317, 8326, 8326, 8332, 8336, 8309,2.8991119861602783,XXXXX
3, 8386, 8501, 8461, 8513, 8493, 8511, 8439, 8491, 8520, 8526, 8438, 8454, 8479, 8294,2.9085500240325928,XXXXX
4, 8158, 8244, 8220, 8179, 8256, 8174, 8199, 8154, 8205, 8221, 8155, 8168, 8176, 8138,2.9165093898773193,XXXXX
5, 8531, 8028, 8319, 8221, 7936, 8226, 8419, 8281, 8259, 8346, 8452, 8453, 8420, 8652,2.924206495285034,XXXXX
6, 8179, 8926, 8519, 8823, 8999, 8816, 8379, 8734, 8755, 8663, 8400, 8410, 8486, 7883,2.932328462600708,XXXXX
7, 6462, 7110, 6609, 6424, 7331, 6386, 6495, 6298, 6453, 6393, 6302, 6267, 6215, 6691,2.9402167797088623,XXXXX
8, 4405, 2941, 3190, 2549, 3135, 2567, 3530, 2862, 2336, 2341, 3634, 3296, 2868, 5918,2.9482691287994385,XXXXX
9, 2731, 2659, 1837, 2124, 3160, 2168, 1880, 2421, 1430, 661, 2268, 1822, 1428, 4051,2.9563045501708984,XXXXX
10, 3109, 3797, 2695, 2834, 4449, 2859, 2589, 3018, 2214, 1252, 2804, 2394, 2151, 3966,2.962724447250366,XXXXX
11, 3664, 3186, 2695, 2381, 3742, 2457, 2859, 2743, 1819, 1273, 3064, 2649, 2333, 4770,2.970703363418579,XXXXX
12, 3468, 3131, 2288, 2342, 3703, 2436, 2395, 2643, 1699, 976, 2629, 2419, 2065, 4609,2.9786272048950195,XXXXX
13, 3728, 3525, 2593, 2576, 4090, 2662, 2664, 2889, 2111, 1214, 2914, 2715, 2384, 4736,2.9873809814453125,XXXXX
14, 3665, 3564, 2668, 2562, 4125, 2673, 2799, 2905, 2162, 1321, 3012, 2682, 2361, 4675,2.9951088428497314,XXXXX
15, 3663, 3452, 2690, 2553, 4000, 2653, 2882, 2827, 2074, 1302, 3088, 2744, 2420, 4789,3.0029120445251465,XXXXX
16, 3560, 3494, 2691, 2565, 4066, 2671, 2803, 2896, 2091, 1286, 3069, 2731, 2433, 4711,3.0109660625457764,XXXXX
17, 3587, 3527, 2672, 2527, 4061, 2659, 2749, 2928, 2118, 1298, 2962, 2687, 2384, 4780,3.0188956260681152,XXXXX
18, 3674, 3494, 2683, 2515, 4065, 2622, 2789, 2856, 2089, 1280, 3036, 2747, 2440, 4821,3.0252974033355713,XXXXX
19, 3617, 3556, 2697, 2522, 4196, 2667, 2736, 2846, 2103, 1279, 3019, 2719, 2440, 4688,3.0330519676208496,XXXXX
20, 3768, 3502, 2730, 2468, 4078, 2629, 2789, 2863, 2062, 1286, 3117, 2791, 2502, 4806,3.042541980743408,XXXXX
21, 3763, 3584, 2662, 2524, 4122, 2630, 2736, 2864, 2106, 1280, 3060, 2766, 2451, 4729,3.0504825115203857,XXXXX
22, 3755, 3596, 2715, 2508, 4132, 2644, 2779, 2822, 2102, 1284, 3019, 2783, 2456, 4817,3.05849289894104,XXXXX
23, 3732, 3533, 2757, 2475, 4119, 2655, 2815, 2815, 2069, 1279, 3065, 2828, 2509, 4904,3.066429615020752,XXXXX
24, 3664, 3590, 2723, 2489, 4276, 2700, 2756, 2854, 2100, 1279, 3025, 2766, 2477, 4750,3.0744950771331787,XXXXX
25, 3816, 3532, 2787, 2452, 4157, 2637, 2797, 2822, 2070, 1279, 3098, 2816, 2559, 4900,3.0824782848358154,XXXXX
26, 3731, 3621, 2795, 2544, 4180, 2670, 2765, 2817, 2081, 1269, 3064, 2812, 2556, 4901,3.090252161026001,XXXXX
27, 3710, 3638, 2793, 2545, 4261, 2695, 2801, 2797, 2072, 1279, 3059, 2839, 2538, 4869,3.096498727798462,XXXXX
28, 3841, 3547, 2836, 2482, 4199, 2677, 2840, 2832, 2061, 1288, 3130, 2886, 2600, 4900,3.1044342517852783,XXXXX
29, 3800, 3605, 2770, 2490, 4248, 2719, 2782, 2797, 2085, 1286, 3062, 2824, 2564, 4862,3.1122419834136963,XXXXX
30, 3946, 3547, 2764, 2464, 4191, 2667, 2823, 2729, 2029, 1287, 3087, 2870, 2594, 5048,3.121147632598877,XXXXX
31, 3989, 3604, 2819, 2509, 4293, 2707, 2787, 2824, 2044, 1285, 3074, 2865, 2603, 4945,3.1289169788360596,XXXXX
32, 3933, 3617, 2792, 2475, 4328, 2724, 2790, 2771, 2046, 1285, 3089, 2880, 2626, 4890,3.136756420135498,XXXXX
33, 3956, 3523, 2802, 2448, 4228, 2696, 2826, 2732, 2019, 1286, 3152, 2918, 2677, 4991,3.1444578170776367,XXXXX
34, 3893, 3627, 2789, 2497, 4289, 2750, 2781, 2785, 2075, 1287, 3059, 2850, 2626, 4938,3.15224289894104,XXXXX
35, 3953, 3579, 2786, 2432, 4189, 2694, 2831, 2752, 2050, 1287, 3056, 2891, 2661, 5092,3.160170078277588,XXXXX
36, 3910, 3571, 2824, 2453, 4271, 2751, 2812, 2749, 2037, 1287, 3038, 2870, 2643, 4970,3.1675164699554443,XXXXX
37, 3933, 3609, 2804, 2447, 4301, 2776, 2797, 2705, 2057, 1287, 3057, 2848, 2645, 4894,3.1753358840942383,XXXXX
38, 4045, 3572, 2813, 2423, 4172, 2718, 2825, 2709, 2038, 1287, 3112, 2867, 2715, 5003,3.183178663253784,XXXXX
39, 3985, 3724, 2814, 2478, 4237, 2796, 2792, 2761, 2075, 1287, 3022, 2818, 2647, 4929,3.1926229000091553,XXXXX
40, 3989, 3674, 2813, 2440, 4137, 2755, 2832, 2696, 2046, 1287, 3050, 2882, 2675, 5058,3.1992251873016357,XXXXX
41, 3924, 3629, 2794, 2459, 4180, 2776, 2793, 2735, 2059, 1287, 3059, 2853, 2692, 4976,3.2071919441223145,XXXXX
42, 3966, 3697, 2760, 2382, 4206, 2795, 2769, 2884, 2147, 1287, 2990, 2814, 2679, 4926,3.2151267528533936,XXXXX
43, 3874, 3619, 2789, 2367, 4038, 2716, 2837, 2771, 2103, 1287, 3009, 2856, 2736, 4962,3.2233855724334717,XXXXX
44, 3783, 3774, 2803, 2442, 4117, 2825, 2789, 2778, 2137, 1287, 2998, 2817, 2682, 4861,3.2307379245758057,XXXXX
45, 3713, 3824, 2877, 2299, 4112, 2849, 2781, 2880, 2191, 1287, 3019, 2875, 2737, 4917,3.238405704498291,XXXXX
46, 3208, 3756, 2915, 2371, 4108, 2830, 2800, 2804, 2191, 1287, 2984, 2851, 2790, 4628,3.2461249828338623,XXXXX
47, 3189, 3867, 2915, 2385, 4080, 2854, 2814, 3015, 2258, 1287, 2977, 2790, 2750, 4506,3.2574622631073,XXXXX
48, 3217, 3921, 2973, 2309, 3991, 2842, 2846, 3013, 2260, 1287, 3032, 2849, 2792, 4676,3.2641472816467285,XXXXX
49, 2595, 3867, 2993, 2430, 4151, 2890, 2828, 3005, 2290, 1287, 2971, 2829, 2805, 4422,3.272118330001831,XXXXX
50, 2844, 3685, 2990, 2348, 4116, 2844, 2855, 3277, 2312, 1287, 3008, 2833, 2836, 4516,3.2782022953033447,XXXXX
51, 3480, 3722, 2887, 2352, 4067, 2883, 2780, 3147, 2313, 1287, 3009, 2773, 2788, 4736,3.2862484455108643,XXXXX
52, 3419, 3740, 2872, 2356, 4076, 2905, 2739, 3118, 2331, 1287, 2954, 2761, 2777, 4737,3.294203042984009,XXXXX
53, 3785, 3552, 2817, 2266, 3943, 2798, 2816, 3168, 2253, 1287, 3011, 2854, 2724, 4856,3.302086114883423,XXXXX
54, 3967, 3608, 2732, 2337, 4106, 2833, 2716, 3101, 2282, 1287, 2952, 2755, 2561, 4739,3.309932231903076,XXXXX
55, 3959, 3589, 2888, 2273, 4087, 2810, 2712, 3222, 2319, 1287, 2985, 2748, 2638, 4710,3.3178040981292725,XXXXX
56, 4559, 3630, 2861, 2307, 3996, 2872, 2836, 3383, 2268, 1286, 3023, 2810, 2585, 4714,3.325726270675659,XXXXX
57, 4859, 3587, 2752, 2330, 4064, 2809, 2763, 3203, 2360, 1288, 2985, 2829, 2509, 4756,3.333486795425415,XXXXX
58, 4422, 3361, 2826, 2301, 4034, 2703, 2797, 3016, 2388, 1293, 3004, 2828, 2529, 4917,3.3414535522460938,XXXXX
59, 4079, 3427, 2908, 2480, 4159, 2875, 2942, 2942, 2391, 1294, 2935, 2698, 2377, 4705,3.3491199016571045,XXXXX
60, 4154, 3298, 2941, 2394, 3953, 2735, 2958, 2707, 2490, 1293, 3002, 2709, 2422, 4901,3.356938362121582,XXXXX
61, 3616, 3209, 2903, 2399, 3784, 2704, 2942, 2622, 2533, 1293, 2970, 2655, 2428, 4901,3.3645284175872803,XXXXX
62, 3256, 3361, 2976, 2603, 3946, 2855, 3000, 2755, 2531, 1295, 2889, 2567, 2327, 4520,3.37227201461792,XXXXX
63, 3516, 3241, 2972, 2467, 3815, 2709, 3036, 2743, 2506, 1294, 3013, 2668, 2416, 4648,3.3815548419952393,XXXXX
64, 3309, 3239, 2865, 2435, 3909, 2730, 2941, 2835, 2510, 1294, 2938, 2589, 2360, 4689,3.3893446922302246,XXXXX
65, 3366, 3308, 2945, 2551, 3998, 2780, 2884, 3037, 2437, 1294, 2929, 2567, 2342, 4707,3.3971943855285645,XXXXX
66, 3371, 3278, 2910, 2500, 3877, 2754, 2879, 3059, 2405, 1294, 2984, 2655, 2500, 4488,3.4050543308258057,XXXXX
67, 3070, 3297, 2911, 2534, 3989, 2804, 2859, 3117, 2459, 1294, 2903, 2613, 2506, 4169,3.413060426712036,XXXXX
68, 3409, 3281, 2976, 2594, 3991, 2797, 2873, 3174, 2383, 1294, 2979, 2641, 2516, 4491,3.4194700717926025,XXXXX
69, 3768, 3339, 2830, 2541, 4070, 2794, 2757, 3167, 2383, 1294, 2972, 2647, 2528, 4575,3.4273900985717773,XXXXX
70, 3714, 3276, 2857, 2515, 4137, 2754, 2773, 3218, 2365, 1294, 2933, 2673, 2553, 4510,3.435197353363037,XXXXX
71, 3722, 3194, 2885, 2573, 4042, 2776, 2829, 3181, 2309, 1294, 3001, 2712, 2594, 4767,3.4432666301727295,XXXXX
